au_cols,au_rows,au_mean_all,au_std_all,au_mean_abs_diff,feat2d_cols,feat2d_rows,feat2d_mean_all,feat2d_std_all,feat2d_mean_abs_diff,feat3d_cols,feat3d_rows,feat3d_mean_all,feat3d_std_all,feat3d_mean_abs_diff,gaze_cols,gaze_rows,gaze_mean_all,gaze_std_all,gaze_mean_abs_diff,pose_cols,pose_rows,pose_mean_all,pose_std_all,pose_mean_abs_diff
24,19458,418.59689979419016,245.98972080769775,0.19634045736727143,140,19458,677.8433465516682,78.36431403520457,0.8660787369451611,208,19458,249.41809133377612,50.08903738640844,0.8197925780302481,16,19458,628.3205152201723,362.8314570518768,0.07274609295281004,10,19458,1066.463049798587,587.0360866627277,0.3281334097928191
