au_cols,au_rows,au_mean_all,au_std_all,au_mean_abs_diff,feat2d_cols,feat2d_rows,feat2d_mean_all,feat2d_std_all,feat2d_mean_abs_diff,feat3d_cols,feat3d_rows,feat3d_mean_all,feat3d_std_all,feat3d_mean_abs_diff,gaze_cols,gaze_rows,gaze_mean_all,gaze_std_all,gaze_mean_abs_diff,pose_cols,pose_rows,pose_mean_all,pose_std_all,pose_mean_abs_diff
24,24721,531.9926668220463,310.54683523281784,0.09952010914947411,140,24721,673.7017911026647,78.95048496877277,0.5571240062211628,208,24721,294.96697316420847,54.547052543054,0.7711723399055554,16,24721,798.2948886629305,460.94261134835006,0.0723427345232317,10,24721,1348.0900064443817,743.0814377456036,0.3159390436976547
