au_cols,au_rows,au_mean_all,au_std_all,au_mean_abs_diff,feat2d_cols,feat2d_rows,feat2d_mean_all,feat2d_std_all,feat2d_mean_abs_diff,feat3d_cols,feat3d_rows,feat3d_mean_all,feat3d_std_all,feat3d_mean_abs_diff,gaze_cols,gaze_rows,gaze_mean_all,gaze_std_all,gaze_mean_abs_diff,pose_cols,pose_rows,pose_mean_all,pose_std_all,pose_mean_abs_diff
24,31012,665.9128719205402,392.84604467272084,0.3535937676662045,140,31012,706.0089146774195,192.8312418188751,3.403471279315017,208,31012,253.15527484268583,128.06181333434964,2.2420559321669535,16,31012,1001.4358884482064,578.2785291924408,0.07809172236497694,10,31012,1655.7610411751562,950.8232350731263,0.7448587048109159
