au_cols,au_rows,au_mean_all,au_std_all,au_mean_abs_diff,feat2d_cols,feat2d_rows,feat2d_mean_all,feat2d_std_all,feat2d_mean_abs_diff,feat3d_cols,feat3d_rows,feat3d_mean_all,feat3d_std_all,feat3d_mean_abs_diff,gaze_cols,gaze_rows,gaze_mean_all,gaze_std_all,gaze_mean_abs_diff,pose_cols,pose_rows,pose_mean_all,pose_std_all,pose_mean_abs_diff
24,29565,636.5356768925618,371.03035934316864,0.20462170734959187,140,29565,713.8956606366608,107.42914075479148,1.088150489278708,208,29565,352.3919623819198,75.36409305171252,1.7453877013093502,16,29565,954.6327567132541,551.2603997999804,0.07671589951639907,10,29565,1611.9878491607308,891.630326176715,0.5935738438389538
