au_cols,au_rows,au_mean_all,au_std_all,au_mean_abs_diff,feat2d_cols,feat2d_rows,feat2d_mean_all,feat2d_std_all,feat2d_mean_abs_diff,feat3d_cols,feat3d_rows,feat3d_mean_all,feat3d_std_all,feat3d_mean_abs_diff,gaze_cols,gaze_rows,gaze_mean_all,gaze_std_all,gaze_mean_abs_diff,pose_cols,pose_rows,pose_mean_all,pose_std_all,pose_mean_abs_diff
24,23780,509.7015441359699,303.62723890649784,1.1652504248513742,140,23780,750.3830524118403,86.13299105725723,0.9649112310360822,208,23780,318.36984433305196,68.04635664996484,1.299258080867801,16,23780,767.8137834221376,443.44442062414254,0.08455546318973675,10,23780,1307.7092438084892,719.5310269421832,0.46342078235089196
