au_cols,au_rows,au_mean_all,au_std_all,au_mean_abs_diff,feat2d_cols,feat2d_rows,feat2d_mean_all,feat2d_std_all,feat2d_mean_abs_diff,feat3d_cols,feat3d_rows,feat3d_mean_all,feat3d_std_all,feat3d_mean_abs_diff,gaze_cols,gaze_rows,gaze_mean_all,gaze_std_all,gaze_mean_abs_diff,pose_cols,pose_rows,pose_mean_all,pose_std_all,pose_mean_abs_diff
24,51122,1100.2534726557108,639.6180620975439,0.2010704167057895,140,51122,754.0342513550501,149.80409846183093,0.708675536958253,208,51122,367.47763776005496,101.40361792250164,1.088517993960494,16,51122,1650.7791643126766,953.1657992854814,0.07456660554406663,10,51122,2714.17960101601,1533.284497810619,0.40589878685731406
