au_cols,au_rows,au_mean_all,au_std_all,au_mean_abs_diff,feat2d_cols,feat2d_rows,feat2d_mean_all,feat2d_std_all,feat2d_mean_abs_diff,feat3d_cols,feat3d_rows,feat3d_mean_all,feat3d_std_all,feat3d_mean_abs_diff,gaze_cols,gaze_rows,gaze_mean_all,gaze_std_all,gaze_mean_abs_diff,pose_cols,pose_rows,pose_mean_all,pose_std_all,pose_mean_abs_diff
24,25609,549.6376373059783,325.77072281191005,0.31301220959433246,140,25609,693.7946371024532,100.43570329110985,1.2756940071704712,208,25609,268.5322814519133,74.79066857424222,1.3604659891438475,16,25609,826.9522719407372,477.5369221016378,0.07929776407825762,10,25609,536.9555235902751,283033.2607867598,208.6339496741503
