duration,zcr_mean,zcr_std,rmse_mean,spec_cent_mean,tempo,mfcc1_mean,mfcc1_std,mfcc2_mean,mfcc2_std,mfcc3_mean,mfcc3_std,mfcc4_mean,mfcc4_std,mfcc5_mean,mfcc5_std,mfcc6_mean,mfcc6_std,mfcc7_mean,mfcc7_std,mfcc8_mean,mfcc8_std,mfcc9_mean,mfcc9_std,mfcc10_mean,mfcc10_std,mfcc11_mean,mfcc11_std,mfcc12_mean,mfcc12_std,mfcc13_mean,mfcc13_std
648.5,0.09178793626794877,0.04442318835274036,0.010082407854497433,1912.8675201351964,125.0,-420.8195495605469,115.96023559570312,72.46096801757812,23.114118576049805,16.55335807800293,16.4150390625,20.60474967956543,11.290689468383789,7.017234802246094,8.253551483154297,8.182559967041016,8.653456687927246,-0.04596869274973869,8.423316955566406,9.265275001525879,6.5795769691467285,0.7324382662773132,6.360387325286865,3.7482683658599854,5.49871826171875,-2.621431827545166,4.532811164855957,0.628852367401123,4.475384712219238,-1.9458400011062622,4.715241432189941
