duration,zcr_mean,zcr_std,rmse_mean,spec_cent_mean,tempo,mfcc1_mean,mfcc1_std,mfcc2_mean,mfcc2_std,mfcc3_mean,mfcc3_std,mfcc4_mean,mfcc4_std,mfcc5_mean,mfcc5_std,mfcc6_mean,mfcc6_std,mfcc7_mean,mfcc7_std,mfcc8_mean,mfcc8_std,mfcc9_mean,mfcc9_std,mfcc10_mean,mfcc10_std,mfcc11_mean,mfcc11_std,mfcc12_mean,mfcc12_std,mfcc13_mean,mfcc13_std
823.9,0.07514541666868955,0.06943166196690276,0.009363478980958462,1481.1194008235532,125.0,-432.1653747558594,83.09923553466797,104.36966705322266,40.38356399536133,6.225252628326416,29.720949172973633,22.579753875732422,20.536569595336914,4.462045192718506,15.06525993347168,2.7389423847198486,12.154427528381348,-0.5759361982345581,10.862468719482422,7.223237991333008,11.73305606842041,1.7238835096359253,9.833956718444824,5.297805309295654,8.11520004272461,-0.2599930167198181,7.362964630126953,1.4671911001205444,6.2285614013671875,-0.8273144364356995,7.387458324432373
