duration,zcr_mean,zcr_std,rmse_mean,spec_cent_mean,tempo,mfcc1_mean,mfcc1_std,mfcc2_mean,mfcc2_std,mfcc3_mean,mfcc3_std,mfcc4_mean,mfcc4_std,mfcc5_mean,mfcc5_std,mfcc6_mean,mfcc6_std,mfcc7_mean,mfcc7_std,mfcc8_mean,mfcc8_std,mfcc9_mean,mfcc9_std,mfcc10_mean,mfcc10_std,mfcc11_mean,mfcc11_std,mfcc12_mean,mfcc12_std,mfcc13_mean,mfcc13_std
758.8,0.06296550728371568,0.03276896320737319,0.003493993077427149,1556.4637818374772,125.0,-482.0445251464844,54.165042877197266,87.29106903076172,22.382606506347656,14.174647331237793,14.310090065002441,27.85832405090332,11.857712745666504,8.952874183654785,9.022836685180664,8.093838691711426,7.954147815704346,2.3086211681365967,6.164325714111328,11.086097717285156,7.671810150146484,-0.6446915864944458,6.239235877990723,4.684319496154785,5.998443126678467,-0.9130021333694458,5.559496879577637,5.040489673614502,5.035065650939941,0.5654513239860535,4.767919540405273
