duration,zcr_mean,zcr_std,rmse_mean,spec_cent_mean,tempo,mfcc1_mean,mfcc1_std,mfcc2_mean,mfcc2_std,mfcc3_mean,mfcc3_std,mfcc4_mean,mfcc4_std,mfcc5_mean,mfcc5_std,mfcc6_mean,mfcc6_std,mfcc7_mean,mfcc7_std,mfcc8_mean,mfcc8_std,mfcc9_mean,mfcc9_std,mfcc10_mean,mfcc10_std,mfcc11_mean,mfcc11_std,mfcc12_mean,mfcc12_std,mfcc13_mean,mfcc13_std
985.3,0.07201175554037706,0.04850425272153426,0.007850957103073597,1415.9031685736675,125.0,-446.6679992675781,73.03257751464844,103.8395767211914,32.35788345336914,4.523046493530273,29.001995086669922,22.62454605102539,21.6502742767334,2.5983076095581055,18.129972457885742,-0.4569742977619171,14.042181968688965,-2.9892728328704834,10.965304374694824,4.3339762687683105,11.63598346710205,0.9966283440589905,8.39537525177002,-0.5797435641288757,7.480103015899658,-3.2468013763427734,6.74104642868042,2.3984274864196777,6.720423221588135,0.965514600276947,6.1461968421936035
