duration,zcr_mean,zcr_std,rmse_mean,spec_cent_mean,tempo,mfcc1_mean,mfcc1_std,mfcc2_mean,mfcc2_std,mfcc3_mean,mfcc3_std,mfcc4_mean,mfcc4_std,mfcc5_mean,mfcc5_std,mfcc6_mean,mfcc6_std,mfcc7_mean,mfcc7_std,mfcc8_mean,mfcc8_std,mfcc9_mean,mfcc9_std,mfcc10_mean,mfcc10_std,mfcc11_mean,mfcc11_std,mfcc12_mean,mfcc12_std,mfcc13_mean,mfcc13_std
792.6,0.059751932071086845,0.028114428536151915,0.005303818732500076,1319.321548229293,117.1875,-475.0773010253906,62.537452697753906,98.86013793945312,24.145566940307617,8.205425262451172,26.92010498046875,23.86531639099121,16.277135848999023,8.057321548461914,14.972448348999023,-4.499946594238281,12.881479263305664,1.7253528833389282,9.149723052978516,7.764468669891357,10.023632049560547,3.0567593574523926,7.257697582244873,0.4375119209289551,6.43507719039917,-1.0539315938949585,6.191679954528809,1.0508229732513428,6.080513954162598,1.0663535594940186,5.162806034088135
