duration,zcr_mean,zcr_std,rmse_mean,spec_cent_mean,tempo,mfcc1_mean,mfcc1_std,mfcc2_mean,mfcc2_std,mfcc3_mean,mfcc3_std,mfcc4_mean,mfcc4_std,mfcc5_mean,mfcc5_std,mfcc6_mean,mfcc6_std,mfcc7_mean,mfcc7_std,mfcc8_mean,mfcc8_std,mfcc9_mean,mfcc9_std,mfcc10_mean,mfcc10_std,mfcc11_mean,mfcc11_std,mfcc12_mean,mfcc12_std,mfcc13_mean,mfcc13_std
1704.0,0.05149762078998516,0.019217745995511782,0.050303228199481964,758.8176851536936,125.0,-280.0357666015625,64.24071502685547,150.85691833496094,27.4871768951416,17.723291397094727,29.984018325805664,7.32391881942749,20.49139976501465,6.439104080200195,14.554220199584961,-0.5265674591064453,12.154436111450195,-2.8485000133514404,12.819190979003906,-2.859768867492676,11.029767036437988,0.1530882865190506,8.70592975616455,-4.139245510101318,8.384758949279785,-0.281581848859787,8.843512535095215,1.3927297592163086,7.902268409729004,-5.252272129058838,7.381755352020264
