duration,zcr_mean,zcr_std,rmse_mean,spec_cent_mean,tempo,mfcc1_mean,mfcc1_std,mfcc2_mean,mfcc2_std,mfcc3_mean,mfcc3_std,mfcc4_mean,mfcc4_std,mfcc5_mean,mfcc5_std,mfcc6_mean,mfcc6_std,mfcc7_mean,mfcc7_std,mfcc8_mean,mfcc8_std,mfcc9_mean,mfcc9_std,mfcc10_mean,mfcc10_std,mfcc11_mean,mfcc11_std,mfcc12_mean,mfcc12_std,mfcc13_mean,mfcc13_std
844.9,0.04555218018576731,0.05245216096956472,0.005652806255966425,1263.728088613461,133.92857142857142,-500.6704406738281,104.05599975585938,52.382843017578125,50.980289459228516,15.689513206481934,22.013769149780273,19.32172393798828,17.779741287231445,12.528072357177734,12.995683670043945,9.023843765258789,11.826260566711426,4.2289204597473145,12.899690628051758,5.756803035736084,11.046087265014648,5.473835468292236,9.497708320617676,7.850935459136963,7.967718601226807,4.639708518981934,7.7670488357543945,5.618819713592529,5.808442115783691,4.833462715148926,6.569374084472656
