sentiment_label,sentiment_score,word_count,emb_0,emb_1,emb_2,emb_3,emb_4,emb_5,emb_6,emb_7,emb_8,emb_9,emb_10,emb_11,emb_12,emb_13,emb_14,emb_15,emb_16,emb_17,emb_18,emb_19,emb_20,emb_21,emb_22,emb_23,emb_24,emb_25,emb_26,emb_27,emb_28,emb_29,emb_30,emb_31,emb_32,emb_33,emb_34,emb_35,emb_36,emb_37,emb_38,emb_39,emb_40,emb_41,emb_42,emb_43,emb_44,emb_45,emb_46,emb_47,emb_48,emb_49,emb_50,emb_51,emb_52,emb_53,emb_54,emb_55,emb_56,emb_57,emb_58,emb_59,emb_60,emb_61,emb_62,emb_63
POSITIVE,0.9952514171600342,1346,0.04653516039252281,-0.07113010436296463,0.1734219491481781,0.041103214025497437,0.151510551571846,-0.04186978563666344,0.3235664367675781,0.019682610407471657,0.014115420170128345,-0.0709373876452446,-0.03243738412857056,-0.018753768876194954,0.039032284170389175,-0.11843973398208618,-0.11679228395223618,0.11684447526931763,-0.10395605862140656,-0.21186578273773193,-0.3486933708190918,0.15178589522838593,-0.14008082449436188,0.09519387036561966,0.041749320924282074,0.10575112700462341,-0.019058847799897194,0.05110617354512215,0.03318951278924942,0.24483700096607208,-0.2766909897327423,-0.1614055633544922,-0.16985271871089935,0.04104161262512207,0.22010008990764618,0.009560245089232922,0.002550249919295311,-0.031336043030023575,0.09668564051389694,-0.26547932624816895,0.059808116406202316,-0.02681095525622368,-0.23541805148124695,-0.19655035436153412,0.08532793074846268,0.081278957426548,-0.0965244472026825,-0.14765577018260956,-0.1064772754907608,-0.09341825544834137,-0.028086146339774132,0.0415673702955246,-0.20331496000289917,0.04635641723871231,-0.10596215724945068,-0.05184762179851532,-0.045762114226818085,0.1786867380142212,0.017707863822579384,0.037619948387145996,0.05175953358411789,0.057405874133110046,-0.024501515552401543,0.07678413391113281,0.11081650853157043,0.14952999353408813
