sentiment_label,sentiment_score,word_count,emb_0,emb_1,emb_2,emb_3,emb_4,emb_5,emb_6,emb_7,emb_8,emb_9,emb_10,emb_11,emb_12,emb_13,emb_14,emb_15,emb_16,emb_17,emb_18,emb_19,emb_20,emb_21,emb_22,emb_23,emb_24,emb_25,emb_26,emb_27,emb_28,emb_29,emb_30,emb_31,emb_32,emb_33,emb_34,emb_35,emb_36,emb_37,emb_38,emb_39,emb_40,emb_41,emb_42,emb_43,emb_44,emb_45,emb_46,emb_47,emb_48,emb_49,emb_50,emb_51,emb_52,emb_53,emb_54,emb_55,emb_56,emb_57,emb_58,emb_59,emb_60,emb_61,emb_62,emb_63
POSITIVE,0.9968659281730652,2397,0.03680940344929695,-0.0780809223651886,0.11864567548036575,0.02789134904742241,0.13408520817756653,-0.020546788349747658,0.3098784387111664,0.052295900881290436,0.03633977472782135,-0.021907692775130272,-0.03195757791399956,-0.08938170969486237,0.04350733011960983,-0.09993784874677658,-0.0877358540892601,0.12858593463897705,-0.004741623532027006,-0.23895886540412903,-0.3315507173538208,0.15660706162452698,-0.12062875181436539,0.02671707049012184,0.04314645379781723,0.058103397488594055,-0.058676693588495255,0.015475006774067879,0.030208656564354897,0.18558193743228912,-0.2532725930213928,-0.146039217710495,-0.06152040511369705,0.049506161361932755,0.2208796739578247,0.03632434830069542,0.03467465937137604,-0.03156871721148491,0.08681175112724304,-0.24468860030174255,-0.0026538800448179245,-0.06191851571202278,-0.24521729350090027,-0.17797969281673431,0.05876421928405762,0.04217813163995743,-0.07959326356649399,-0.08525503426790237,-0.0882638618350029,-0.03556516394019127,-0.03681117296218872,0.03823963180184364,-0.150387242436409,0.015550557523965836,-0.13702400028705597,-0.04820640757679939,-0.030189497396349907,0.10739748179912567,0.003499827813357115,0.06188657879829407,0.014000366441905499,0.07805187255144119,0.031035199761390686,0.03142180293798447,0.06222733482718468,0.11398162692785263
