sentiment_label,sentiment_score,word_count,emb_0,emb_1,emb_2,emb_3,emb_4,emb_5,emb_6,emb_7,emb_8,emb_9,emb_10,emb_11,emb_12,emb_13,emb_14,emb_15,emb_16,emb_17,emb_18,emb_19,emb_20,emb_21,emb_22,emb_23,emb_24,emb_25,emb_26,emb_27,emb_28,emb_29,emb_30,emb_31,emb_32,emb_33,emb_34,emb_35,emb_36,emb_37,emb_38,emb_39,emb_40,emb_41,emb_42,emb_43,emb_44,emb_45,emb_46,emb_47,emb_48,emb_49,emb_50,emb_51,emb_52,emb_53,emb_54,emb_55,emb_56,emb_57,emb_58,emb_59,emb_60,emb_61,emb_62,emb_63
POSITIVE,0.9940985441207886,1603,0.05344948172569275,-0.013402894139289856,0.2210860699415207,0.005539885722100735,0.16257500648498535,-0.06148846074938774,0.3066321611404419,0.039212845265865326,-0.07232920080423355,-0.029956502839922905,-0.08858567476272583,-0.056938737630844116,-0.01468663290143013,-0.0885745957493782,-0.039861779659986496,0.11109849065542221,-0.03023560903966427,-0.199323371052742,-0.3947260081768036,0.21931833028793335,-0.18421220779418945,0.09178376197814941,0.035103749483823776,0.1253814846277237,-0.04690300300717354,0.043016742914915085,0.034520577639341354,0.1490197330713272,-0.21399220824241638,-0.11984667927026749,-0.20227301120758057,0.014350678771734238,0.22601404786109924,-0.047378793358802795,-0.05283835530281067,-0.09909404069185257,0.0671469196677208,-0.31614768505096436,-0.016538551077246666,-0.05363117903470993,-0.19026267528533936,-0.1669703871011734,-0.008454781025648117,0.09712930768728256,-0.0813872441649437,-0.2126036137342453,-0.10141965001821518,-0.04501133784651756,0.021031295880675316,0.05402089282870293,-0.2536999583244324,0.07358427345752716,-0.07530828565359116,-0.0545695498585701,-0.02987237647175789,0.14187946915626526,0.007899180054664612,0.05770431086421013,0.05770319327712059,0.06298336386680603,0.00017794167797546834,0.0019782513845711946,0.11187367141246796,0.09761438518762589
