sentiment_label,sentiment_score,word_count,emb_0,emb_1,emb_2,emb_3,emb_4,emb_5,emb_6,emb_7,emb_8,emb_9,emb_10,emb_11,emb_12,emb_13,emb_14,emb_15,emb_16,emb_17,emb_18,emb_19,emb_20,emb_21,emb_22,emb_23,emb_24,emb_25,emb_26,emb_27,emb_28,emb_29,emb_30,emb_31,emb_32,emb_33,emb_34,emb_35,emb_36,emb_37,emb_38,emb_39,emb_40,emb_41,emb_42,emb_43,emb_44,emb_45,emb_46,emb_47,emb_48,emb_49,emb_50,emb_51,emb_52,emb_53,emb_54,emb_55,emb_56,emb_57,emb_58,emb_59,emb_60,emb_61,emb_62,emb_63
POSITIVE,0.9982267022132874,2986,0.028055444359779358,0.008317308500409126,0.12219731509685516,0.01853420026600361,0.10707391798496246,-0.0009405312594026327,0.34707561135292053,0.05486542358994484,-0.010890000499784946,-0.07025044411420822,-0.02781413309276104,-0.09897897392511368,0.00769454101100564,-0.120580293238163,-0.10900517553091049,0.1468556821346283,-0.06403985619544983,-0.18403694033622742,-0.3338469862937927,0.1988794505596161,-0.13312175869941711,0.03798065334558487,0.04175814986228943,0.1108035072684288,-0.07194837927818298,0.022602863609790802,0.04803686589002609,0.22750785946846008,-0.17847776412963867,-0.14712999761104584,-0.07021030783653259,0.05649179592728615,0.23811233043670654,0.020851390436291695,0.0012577767483890057,-0.059238262474536896,0.08999396115541458,-0.28402790427207947,0.044436465948820114,-0.07866506278514862,-0.21740524470806122,-0.18426312506198883,0.0683605745434761,0.06024301424622536,-0.04372096061706543,-0.08769335597753525,-0.1214742586016655,0.029019813984632492,-0.020390966907143593,0.03372853994369507,-0.16197898983955383,0.035827524960041046,-0.11229042708873749,-0.048787884414196014,0.01655249297618866,0.14095951616764069,-0.00875161960721016,0.03848135843873024,0.024803446605801582,0.044604286551475525,0.01687808893620968,0.06776644289493561,0.11010552942752838,0.0922270193696022
