sentiment_label,sentiment_score,word_count,emb_0,emb_1,emb_2,emb_3,emb_4,emb_5,emb_6,emb_7,emb_8,emb_9,emb_10,emb_11,emb_12,emb_13,emb_14,emb_15,emb_16,emb_17,emb_18,emb_19,emb_20,emb_21,emb_22,emb_23,emb_24,emb_25,emb_26,emb_27,emb_28,emb_29,emb_30,emb_31,emb_32,emb_33,emb_34,emb_35,emb_36,emb_37,emb_38,emb_39,emb_40,emb_41,emb_42,emb_43,emb_44,emb_45,emb_46,emb_47,emb_48,emb_49,emb_50,emb_51,emb_52,emb_53,emb_54,emb_55,emb_56,emb_57,emb_58,emb_59,emb_60,emb_61,emb_62,emb_63
POSITIVE,0.9985727071762085,2100,0.09022511541843414,-0.012108033522963524,0.15810270607471466,-0.0004931622534058988,0.13344936072826385,-0.05699926242232323,0.31589868664741516,0.036567311733961105,-0.06983216851949692,-0.04720432683825493,-0.057935502380132675,-0.07746157050132751,0.0010288914199918509,-0.08681417256593704,-0.07789222151041031,0.07297493517398834,-0.036062706261873245,-0.15281188488006592,-0.29840490221977234,0.2196987420320511,-0.19484959542751312,0.03368855267763138,0.0726388692855835,0.09432671964168549,0.005808285437524319,0.08201412111520767,-0.005031646229326725,0.17167723178863525,-0.20887567102909088,-0.17215348780155182,-0.26149722933769226,0.03833816573023796,0.2407468557357788,-0.021014630794525146,-0.08236866444349289,-0.11549140512943268,0.05295990779995918,-0.3134012222290039,-0.0017657731659710407,-0.05284064635634422,-0.20410259068012238,-0.1470940113067627,0.11029698699712753,0.12104560434818268,-0.05587278679013252,-0.12822052836418152,-0.09850458055734634,-0.030845897272229195,-0.027453981339931488,0.04324345663189888,-0.24294902384281158,0.08945588022470474,-0.11909691989421844,-0.042601410299539566,0.003558065742254257,0.16006071865558624,0.03532858565449715,0.025872189551591873,0.030613364651799202,-0.01715543307363987,0.021102020516991615,0.0608459897339344,0.14494314789772034,0.07454530894756317
