sentiment_label,sentiment_score,word_count,emb_0,emb_1,emb_2,emb_3,emb_4,emb_5,emb_6,emb_7,emb_8,emb_9,emb_10,emb_11,emb_12,emb_13,emb_14,emb_15,emb_16,emb_17,emb_18,emb_19,emb_20,emb_21,emb_22,emb_23,emb_24,emb_25,emb_26,emb_27,emb_28,emb_29,emb_30,emb_31,emb_32,emb_33,emb_34,emb_35,emb_36,emb_37,emb_38,emb_39,emb_40,emb_41,emb_42,emb_43,emb_44,emb_45,emb_46,emb_47,emb_48,emb_49,emb_50,emb_51,emb_52,emb_53,emb_54,emb_55,emb_56,emb_57,emb_58,emb_59,emb_60,emb_61,emb_62,emb_63
POSITIVE,0.9951862692832947,5071,-0.005003565456718206,-0.05909958481788635,0.22350114583969116,0.03456607833504677,0.10236063599586487,-0.026210762560367584,0.3621689975261688,0.01709085702896118,-0.03579828515648842,-0.02647562325000763,-0.03512422367930412,-0.10461537539958954,0.02111145108938217,-0.09025701135396957,-0.15835940837860107,0.1281880885362625,0.015048953704535961,-0.2081466168165207,-0.3787354528903961,0.13445480167865753,-0.12793508172035217,0.03190379962325096,0.03800959512591362,0.113007090985775,-0.03760898485779762,0.016539165750145912,0.03389608860015869,0.1669825166463852,-0.1937127709388733,-0.20156724750995636,-0.1655770093202591,0.044534068554639816,0.18859805166721344,-0.014646949246525764,-0.031083056703209877,-0.02497175522148609,0.06592938303947449,-0.23497772216796875,0.04688725620508194,-0.0633423700928688,-0.18796391785144806,-0.22389079630374908,0.08432575315237045,0.1187233105301857,-0.04782063141465187,-0.07978206872940063,-0.07551024109125137,0.007333328016102314,-0.014805255457758904,0.03300231695175171,-0.1700209677219391,-0.011492687277495861,-0.15968206524848938,-0.05925021693110466,-0.03018559329211712,0.0962100401520729,0.0167305339127779,0.03791463375091553,0.04694196954369545,0.036880116909742355,-0.0414729118347168,0.05378401651978493,0.08056367188692093,0.0864396020770073
