sentiment_label,sentiment_score,word_count,emb_0,emb_1,emb_2,emb_3,emb_4,emb_5,emb_6,emb_7,emb_8,emb_9,emb_10,emb_11,emb_12,emb_13,emb_14,emb_15,emb_16,emb_17,emb_18,emb_19,emb_20,emb_21,emb_22,emb_23,emb_24,emb_25,emb_26,emb_27,emb_28,emb_29,emb_30,emb_31,emb_32,emb_33,emb_34,emb_35,emb_36,emb_37,emb_38,emb_39,emb_40,emb_41,emb_42,emb_43,emb_44,emb_45,emb_46,emb_47,emb_48,emb_49,emb_50,emb_51,emb_52,emb_53,emb_54,emb_55,emb_56,emb_57,emb_58,emb_59,emb_60,emb_61,emb_62,emb_63
POSITIVE,0.996616542339325,2338,0.060813385993242264,-0.059809789061546326,0.16220930218696594,0.02891373261809349,0.1410338431596756,0.05305369570851326,0.278079628944397,0.027433153241872787,0.012529488652944565,-0.0841342881321907,-0.07383739948272705,-0.02946045622229576,-0.002667464315891266,-0.04395351931452751,-0.03888417035341263,0.22282584011554718,0.021313605830073357,-0.13658691942691803,-0.29792508482933044,0.15643520653247833,-0.16542497277259827,0.08694140613079071,0.02012772671878338,0.05864034965634346,-0.056463006883859634,0.04536350816488266,-0.0024912601802498102,0.101145438849926,-0.2124806046485901,-0.0941084548830986,-0.12976495921611786,0.027409769594669342,0.16309693455696106,-0.05324104055762291,-0.024057909846305847,-0.08198906481266022,-0.01504244189709425,-0.18377313017845154,0.017297588288784027,-0.012424217537045479,-0.16633807122707367,-0.16643911600112915,0.0809900090098381,0.06424864381551743,-0.10006705671548843,-0.11565841734409332,-0.12190072983503342,-0.04403085634112358,-0.04354757070541382,-0.05564827471971512,-0.21541421115398407,0.030309338122606277,-0.08294595777988434,-0.05058994144201279,-0.011254997923970222,0.10130329430103302,-0.007415634114295244,-0.03627552092075348,0.02913033217191696,0.03266831114888191,0.0383586511015892,0.09492930769920349,0.06269705295562744,0.07146972417831421
